threshold, precisionMatchings, recallMatchings, avgPrecisions, avgRecalls, d1, d2, d1d2
0, 0.0625, 1.0, 0.05581395, 1.0, /home/valentina/workspace_nuovo/FeatureExtractor/pages4test/zNewTest/annamaria_bagnasco/orig1.html, /home/valentina/workspace_nuovo/FeatureExtractor/pages4test/zNewTest/annamaria_bagnasco/orig2.html, annamaria_bagnasco/orig12
0.2, 0.21052632, 1.0, 0.13425927, 1.0, /home/valentina/workspace_nuovo/FeatureExtractor/pages4test/zNewTest/annamaria_bagnasco/orig1.html, /home/valentina/workspace_nuovo/FeatureExtractor/pages4test/zNewTest/annamaria_bagnasco/orig2.html, annamaria_bagnasco/orig12
0.4, 0.67741936, 0.875, 0.6315789, 0.94736844, /home/valentina/workspace_nuovo/FeatureExtractor/pages4test/zNewTest/annamaria_bagnasco/orig1.html, /home/valentina/workspace_nuovo/FeatureExtractor/pages4test/zNewTest/annamaria_bagnasco/orig2.html, annamaria_bagnasco/orig12
0.6, 0.6, 0.25, 0.75, 0.625, /home/valentina/workspace_nuovo/FeatureExtractor/pages4test/zNewTest/annamaria_bagnasco/orig1.html, /home/valentina/workspace_nuovo/FeatureExtractor/pages4test/zNewTest/annamaria_bagnasco/orig2.html, annamaria_bagnasco/orig12
0.8, 1.0, 0.0, 1.0, 0.0, /home/valentina/workspace_nuovo/FeatureExtractor/pages4test/zNewTest/annamaria_bagnasco/orig1.html, /home/valentina/workspace_nuovo/FeatureExtractor/pages4test/zNewTest/annamaria_bagnasco/orig2.html, annamaria_bagnasco/orig12
1, 1.0, 0.0, 1.0, 0.0, /home/valentina/workspace_nuovo/FeatureExtractor/pages4test/zNewTest/annamaria_bagnasco/orig1.html, /home/valentina/workspace_nuovo/FeatureExtractor/pages4test/zNewTest/annamaria_bagnasco/orig2.html, annamaria_bagnasco/orig12
0, 0.39130434, 0.875, 0.34999996, 0.8695652, /home/valentina/workspace_nuovo/FeatureExtractor/pages4test/zNewTest/annamaria_bagnasco/orig1.html, /home/valentina/workspace_nuovo/FeatureExtractor/pages4test/zNewTest/annamaria_bagnasco/orig3.html, annamaria_bagnasco/orig13
0.2, 0.46153846, 0.8333333, 0.38809523, 0.83928573, /home/valentina/workspace_nuovo/FeatureExtractor/pages4test/zNewTest/annamaria_bagnasco/orig1.html, /home/valentina/workspace_nuovo/FeatureExtractor/pages4test/zNewTest/annamaria_bagnasco/orig3.html, annamaria_bagnasco/orig13
0.4, 0.71428573, 0.625, 0.6571428, 0.69285715, /home/valentina/workspace_nuovo/FeatureExtractor/pages4test/zNewTest/annamaria_bagnasco/orig1.html, /home/valentina/workspace_nuovo/FeatureExtractor/pages4test/zNewTest/annamaria_bagnasco/orig3.html, annamaria_bagnasco/orig13
0.6, 0.73333335, 0.15277778, 0.9230769, 0.1826923, /home/valentina/workspace_nuovo/FeatureExtractor/pages4test/zNewTest/annamaria_bagnasco/orig1.html, /home/valentina/workspace_nuovo/FeatureExtractor/pages4test/zNewTest/annamaria_bagnasco/orig3.html, annamaria_bagnasco/orig13
0.8, 0.9166667, 0.15277778, 0.96, 0.15, /home/valentina/workspace_nuovo/FeatureExtractor/pages4test/zNewTest/annamaria_bagnasco/orig1.html, /home/valentina/workspace_nuovo/FeatureExtractor/pages4test/zNewTest/annamaria_bagnasco/orig3.html, annamaria_bagnasco/orig13
1, 1.0, 0.15277778, 1.0, 0.114583336, /home/valentina/workspace_nuovo/FeatureExtractor/pages4test/zNewTest/annamaria_bagnasco/orig1.html, /home/valentina/workspace_nuovo/FeatureExtractor/pages4test/zNewTest/annamaria_bagnasco/orig3.html, annamaria_bagnasco/orig13
0, 0.44444445, 0.39408866, 0.24390244, 0.8808362, /home/valentina/workspace_nuovo/FeatureExtractor/pages4test/zNewTest/annamaria_bagnasco/orig1.html, /home/valentina/workspace_nuovo/FeatureExtractor/pages4test/zNewTest/annamaria_bagnasco/orig4.html, annamaria_bagnasco/orig14
0.2, 0.6761905, 0.3497537, 0.4074074, 0.7523809, /home/valentina/workspace_nuovo/FeatureExtractor/pages4test/zNewTest/annamaria_bagnasco/orig1.html, /home/valentina/workspace_nuovo/FeatureExtractor/pages4test/zNewTest/annamaria_bagnasco/orig4.html, annamaria_bagnasco/orig14
0.4, 0.796875, 0.25123152, 0.75, 0.41428575, /home/valentina/workspace_nuovo/FeatureExtractor/pages4test/zNewTest/annamaria_bagnasco/orig1.html, /home/valentina/workspace_nuovo/FeatureExtractor/pages4test/zNewTest/annamaria_bagnasco/orig4.html, annamaria_bagnasco/orig14
0.6, 0.8245614, 0.23152709, 0.9230769, 0.21758245, /home/valentina/workspace_nuovo/FeatureExtractor/pages4test/zNewTest/annamaria_bagnasco/orig1.html, /home/valentina/workspace_nuovo/FeatureExtractor/pages4test/zNewTest/annamaria_bagnasco/orig4.html, annamaria_bagnasco/orig14
0.8, 0.8148148, 0.21674877, 0.9230769, 0.17142858, /home/valentina/workspace_nuovo/FeatureExtractor/pages4test/zNewTest/annamaria_bagnasco/orig1.html, /home/valentina/workspace_nuovo/FeatureExtractor/pages4test/zNewTest/annamaria_bagnasco/orig4.html, annamaria_bagnasco/orig14
1, 0.8113208, 0.21182266, 0.9230769, 0.15604395, /home/valentina/workspace_nuovo/FeatureExtractor/pages4test/zNewTest/annamaria_bagnasco/orig1.html, /home/valentina/workspace_nuovo/FeatureExtractor/pages4test/zNewTest/annamaria_bagnasco/orig4.html, annamaria_bagnasco/orig14
0, 0.04011461, 1.0, 0.042293906, 1.0, /home/valentina/workspace_nuovo/FeatureExtractor/pages4test/zNewTest/annamaria_bagnasco/orig2.html, /home/valentina/workspace_nuovo/FeatureExtractor/pages4test/zNewTest/annamaria_bagnasco/orig3.html, annamaria_bagnasco/orig23
0.2, 0.3548387, 0.78571427, 0.21153846, 0.9423077, /home/valentina/workspace_nuovo/FeatureExtractor/pages4test/zNewTest/annamaria_bagnasco/orig2.html, /home/valentina/workspace_nuovo/FeatureExtractor/pages4test/zNewTest/annamaria_bagnasco/orig3.html, annamaria_bagnasco/orig23
0.4, 1.0, 0.21428572, 1.0, 0.1875, /home/valentina/workspace_nuovo/FeatureExtractor/pages4test/zNewTest/annamaria_bagnasco/orig2.html, /home/valentina/workspace_nuovo/FeatureExtractor/pages4test/zNewTest/annamaria_bagnasco/orig3.html, annamaria_bagnasco/orig23
0.6, 1.0, 0.0, 1.0, 0.0, /home/valentina/workspace_nuovo/FeatureExtractor/pages4test/zNewTest/annamaria_bagnasco/orig2.html, /home/valentina/workspace_nuovo/FeatureExtractor/pages4test/zNewTest/annamaria_bagnasco/orig3.html, annamaria_bagnasco/orig23
0.8, 1.0, 0.0, 1.0, 0.0, /home/valentina/workspace_nuovo/FeatureExtractor/pages4test/zNewTest/annamaria_bagnasco/orig2.html, /home/valentina/workspace_nuovo/FeatureExtractor/pages4test/zNewTest/annamaria_bagnasco/orig3.html, annamaria_bagnasco/orig23
1, 1.0, 0.0, 1.0, 0.0, /home/valentina/workspace_nuovo/FeatureExtractor/pages4test/zNewTest/annamaria_bagnasco/orig2.html, /home/valentina/workspace_nuovo/FeatureExtractor/pages4test/zNewTest/annamaria_bagnasco/orig3.html, annamaria_bagnasco/orig23
0, 0.05882353, 0.42307693, 0.06368313, 0.973545, /home/valentina/workspace_nuovo/FeatureExtractor/pages4test/zNewTest/annamaria_bagnasco/orig2.html, /home/valentina/workspace_nuovo/FeatureExtractor/pages4test/zNewTest/annamaria_bagnasco/orig4.html, annamaria_bagnasco/orig24
0.2, 0.16296296, 0.42307693, 0.1187724, 0.96543777, /home/valentina/workspace_nuovo/FeatureExtractor/pages4test/zNewTest/annamaria_bagnasco/orig2.html, /home/valentina/workspace_nuovo/FeatureExtractor/pages4test/zNewTest/annamaria_bagnasco/orig4.html, annamaria_bagnasco/orig24
0.4, 0.48314607, 0.41346154, 0.43387097, 0.92442393, /home/valentina/workspace_nuovo/FeatureExtractor/pages4test/zNewTest/annamaria_bagnasco/orig2.html, /home/valentina/workspace_nuovo/FeatureExtractor/pages4test/zNewTest/annamaria_bagnasco/orig4.html, annamaria_bagnasco/orig24
0.6, 0.42307693, 0.10576923, 0.63461536, 0.6923077, /home/valentina/workspace_nuovo/FeatureExtractor/pages4test/zNewTest/annamaria_bagnasco/orig2.html, /home/valentina/workspace_nuovo/FeatureExtractor/pages4test/zNewTest/annamaria_bagnasco/orig4.html, annamaria_bagnasco/orig24
0.8, 0.0, 0.0, 0.8095238, 0.14285715, /home/valentina/workspace_nuovo/FeatureExtractor/pages4test/zNewTest/annamaria_bagnasco/orig2.html, /home/valentina/workspace_nuovo/FeatureExtractor/pages4test/zNewTest/annamaria_bagnasco/orig4.html, annamaria_bagnasco/orig24
1, 1.0, 0.0, 1.0, 0.0, /home/valentina/workspace_nuovo/FeatureExtractor/pages4test/zNewTest/annamaria_bagnasco/orig2.html, /home/valentina/workspace_nuovo/FeatureExtractor/pages4test/zNewTest/annamaria_bagnasco/orig4.html, annamaria_bagnasco/orig24
0, 0.33734939, 0.3043478, 0.30666667, 0.7819048, /home/valentina/workspace_nuovo/FeatureExtractor/pages4test/zNewTest/annamaria_bagnasco/orig3.html, /home/valentina/workspace_nuovo/FeatureExtractor/pages4test/zNewTest/annamaria_bagnasco/orig4.html, annamaria_bagnasco/orig34
0.2, 0.5283019, 0.3043478, 0.4, 0.727381, /home/valentina/workspace_nuovo/FeatureExtractor/pages4test/zNewTest/annamaria_bagnasco/orig3.html, /home/valentina/workspace_nuovo/FeatureExtractor/pages4test/zNewTest/annamaria_bagnasco/orig4.html, annamaria_bagnasco/orig34
0.4, 0.6666667, 0.13043478, 0.76, 0.3704762, /home/valentina/workspace_nuovo/FeatureExtractor/pages4test/zNewTest/annamaria_bagnasco/orig3.html, /home/valentina/workspace_nuovo/FeatureExtractor/pages4test/zNewTest/annamaria_bagnasco/orig4.html, annamaria_bagnasco/orig34
0.6, 0.8333333, 0.10869565, 0.95, 0.19642857, /home/valentina/workspace_nuovo/FeatureExtractor/pages4test/zNewTest/annamaria_bagnasco/orig3.html, /home/valentina/workspace_nuovo/FeatureExtractor/pages4test/zNewTest/annamaria_bagnasco/orig4.html, annamaria_bagnasco/orig34
0.8, 0.8181818, 0.097826086, 0.95, 0.13392857, /home/valentina/workspace_nuovo/FeatureExtractor/pages4test/zNewTest/annamaria_bagnasco/orig3.html, /home/valentina/workspace_nuovo/FeatureExtractor/pages4test/zNewTest/annamaria_bagnasco/orig4.html, annamaria_bagnasco/orig34
1, 0.8181818, 0.097826086, 0.95, 0.13392857, /home/valentina/workspace_nuovo/FeatureExtractor/pages4test/zNewTest/annamaria_bagnasco/orig3.html, /home/valentina/workspace_nuovo/FeatureExtractor/pages4test/zNewTest/annamaria_bagnasco/orig4.html, annamaria_bagnasco/orig34
0, 0.082446806, 1.0, 0.081047624, 1.0, /home/valentina/workspace_nuovo/FeatureExtractor/pages4test/zNewTest/antonio_rinaldi/orig1.html, /home/valentina/workspace_nuovo/FeatureExtractor/pages4test/zNewTest/antonio_rinaldi/orig2.html, antonio_rinaldi/orig12
0.2, 0.11278196, 0.9677419, 0.12853615, 0.99444443, /home/valentina/workspace_nuovo/FeatureExtractor/pages4test/zNewTest/antonio_rinaldi/orig1.html, /home/valentina/workspace_nuovo/FeatureExtractor/pages4test/zNewTest/antonio_rinaldi/orig2.html, antonio_rinaldi/orig12
0.4, 0.36764705, 0.8064516, 0.45, 0.9285714, /home/valentina/workspace_nuovo/FeatureExtractor/pages4test/zNewTest/antonio_rinaldi/orig1.html, /home/valentina/workspace_nuovo/FeatureExtractor/pages4test/zNewTest/antonio_rinaldi/orig2.html, antonio_rinaldi/orig12
0.6, 0.5641026, 0.7096774, 0.5925926, 0.867284, /home/valentina/workspace_nuovo/FeatureExtractor/pages4test/zNewTest/antonio_rinaldi/orig1.html, /home/valentina/workspace_nuovo/FeatureExtractor/pages4test/zNewTest/antonio_rinaldi/orig2.html, antonio_rinaldi/orig12
0.8, 0.5833333, 0.4516129, 0.6666667, 0.7395833, /home/valentina/workspace_nuovo/FeatureExtractor/pages4test/zNewTest/antonio_rinaldi/orig1.html, /home/valentina/workspace_nuovo/FeatureExtractor/pages4test/zNewTest/antonio_rinaldi/orig2.html, antonio_rinaldi/orig12
1, 0.6666667, 0.38709676, 0.72727275, 0.67045456, /home/valentina/workspace_nuovo/FeatureExtractor/pages4test/zNewTest/antonio_rinaldi/orig1.html, /home/valentina/workspace_nuovo/FeatureExtractor/pages4test/zNewTest/antonio_rinaldi/orig2.html, antonio_rinaldi/orig12
0, 0.30422536, 0.9230769, 0.26307192, 0.9647058, /home/valentina/workspace_nuovo/FeatureExtractor/pages4test/zNewTest/antonio_rinaldi/orig1.html, /home/valentina/workspace_nuovo/FeatureExtractor/pages4test/zNewTest/antonio_rinaldi/orig3.html, antonio_rinaldi/orig13
0.2, 0.35179153, 0.9230769, 0.304, 0.9639999, /home/valentina/workspace_nuovo/FeatureExtractor/pages4test/zNewTest/antonio_rinaldi/orig1.html, /home/valentina/workspace_nuovo/FeatureExtractor/pages4test/zNewTest/antonio_rinaldi/orig3.html, antonio_rinaldi/orig13
0.4, 0.5857988, 0.84615386, 0.5342593, 0.9216049, /home/valentina/workspace_nuovo/FeatureExtractor/pages4test/zNewTest/antonio_rinaldi/orig1.html, /home/valentina/workspace_nuovo/FeatureExtractor/pages4test/zNewTest/antonio_rinaldi/orig3.html, antonio_rinaldi/orig13
0.6, 0.7927928, 0.75213677, 0.7580645, 0.8071684, /home/valentina/workspace_nuovo/FeatureExtractor/pages4test/zNewTest/antonio_rinaldi/orig1.html, /home/valentina/workspace_nuovo/FeatureExtractor/pages4test/zNewTest/antonio_rinaldi/orig3.html, antonio_rinaldi/orig13
0.8, 0.739726, 0.46153846, 0.8103448, 0.5881226, /home/valentina/workspace_nuovo/FeatureExtractor/pages4test/zNewTest/antonio_rinaldi/orig1.html, /home/valentina/workspace_nuovo/FeatureExtractor/pages4test/zNewTest/antonio_rinaldi/orig3.html, antonio_rinaldi/orig13
1, 0.7352941, 0.42735043, 0.83928573, 0.46626982, /home/valentina/workspace_nuovo/FeatureExtractor/pages4test/zNewTest/antonio_rinaldi/orig1.html, /home/valentina/workspace_nuovo/FeatureExtractor/pages4test/zNewTest/antonio_rinaldi/orig3.html, antonio_rinaldi/orig13
0, 0.056478404, 0.8947368, 0.09037037, 0.9777778, /home/valentina/workspace_nuovo/FeatureExtractor/pages4test/zNewTest/antonio_rinaldi/orig1.html, /home/valentina/workspace_nuovo/FeatureExtractor/pages4test/zNewTest/antonio_rinaldi/orig4.html, antonio_rinaldi/orig14
0.2, 0.08888889, 0.84210527, 0.10543211, 0.96666664, /home/valentina/workspace_nuovo/FeatureExtractor/pages4test/zNewTest/antonio_rinaldi/orig1.html, /home/valentina/workspace_nuovo/FeatureExtractor/pages4test/zNewTest/antonio_rinaldi/orig4.html, antonio_rinaldi/orig14
0.4, 0.20689656, 0.6315789, 0.26785713, 0.91071427, /home/valentina/workspace_nuovo/FeatureExtractor/pages4test/zNewTest/antonio_rinaldi/orig1.html, /home/valentina/workspace_nuovo/FeatureExtractor/pages4test/zNewTest/antonio_rinaldi/orig4.html, antonio_rinaldi/orig14
0.6, 0.18518518, 0.2631579, 0.3409091, 0.77272725, /home/valentina/workspace_nuovo/FeatureExtractor/pages4test/zNewTest/antonio_rinaldi/orig1.html, /home/valentina/workspace_nuovo/FeatureExtractor/pages4test/zNewTest/antonio_rinaldi/orig4.html, antonio_rinaldi/orig14
0.8, 0.2777778, 0.2631579, 0.4047619, 0.7619048, /home/valentina/workspace_nuovo/FeatureExtractor/pages4test/zNewTest/antonio_rinaldi/orig1.html, /home/valentina/workspace_nuovo/FeatureExtractor/pages4test/zNewTest/antonio_rinaldi/orig4.html, antonio_rinaldi/orig14
1, 0.2777778, 0.2631579, 0.4047619, 0.7619048, /home/valentina/workspace_nuovo/FeatureExtractor/pages4test/zNewTest/antonio_rinaldi/orig1.html, /home/valentina/workspace_nuovo/FeatureExtractor/pages4test/zNewTest/antonio_rinaldi/orig4.html, antonio_rinaldi/orig14
0, 0.21293801, 0.7181818, 0.18603176, 0.96095234, /home/valentina/workspace_nuovo/FeatureExtractor/pages4test/zNewTest/antonio_rinaldi/orig2.html, /home/valentina/workspace_nuovo/FeatureExtractor/pages4test/zNewTest/antonio_rinaldi/orig3.html, antonio_rinaldi/orig23
0.2, 0.28014183, 0.7181818, 0.25658265, 0.9578898, /home/valentina/workspace_nuovo/FeatureExtractor/pages4test/zNewTest/antonio_rinaldi/orig2.html, /home/valentina/workspace_nuovo/FeatureExtractor/pages4test/zNewTest/antonio_rinaldi/orig3.html, antonio_rinaldi/orig23
0.4, 0.4642857, 0.59090906, 0.47702017, 0.92922074, /home/valentina/workspace_nuovo/FeatureExtractor/pages4test/zNewTest/antonio_rinaldi/orig2.html, /home/valentina/workspace_nuovo/FeatureExtractor/pages4test/zNewTest/antonio_rinaldi/orig3.html, antonio_rinaldi/orig23
0.6, 0.6436782, 0.5090909, 0.6303419, 0.9022894, /home/valentina/workspace_nuovo/FeatureExtractor/pages4test/zNewTest/antonio_rinaldi/orig2.html, /home/valentina/workspace_nuovo/FeatureExtractor/pages4test/zNewTest/antonio_rinaldi/orig3.html, antonio_rinaldi/orig23
0.8, 0.68085104, 0.29090908, 0.77619046, 0.69238096, /home/valentina/workspace_nuovo/FeatureExtractor/pages4test/zNewTest/antonio_rinaldi/orig2.html, /home/valentina/workspace_nuovo/FeatureExtractor/pages4test/zNewTest/antonio_rinaldi/orig3.html, antonio_rinaldi/orig23
1, 0.81578946, 0.28181818, 0.9066667, 0.6388889, /home/valentina/workspace_nuovo/FeatureExtractor/pages4test/zNewTest/antonio_rinaldi/orig2.html, /home/valentina/workspace_nuovo/FeatureExtractor/pages4test/zNewTest/antonio_rinaldi/orig3.html, antonio_rinaldi/orig23
0, 0.035714287, 0.64285713, 0.109009005, 0.8918919, /home/valentina/workspace_nuovo/FeatureExtractor/pages4test/zNewTest/antonio_rinaldi/orig2.html, /home/valentina/workspace_nuovo/FeatureExtractor/pages4test/zNewTest/antonio_rinaldi/orig4.html, antonio_rinaldi/orig24
0.2, 0.10714286, 0.64285713, 0.15107527, 0.87096775, /home/valentina/workspace_nuovo/FeatureExtractor/pages4test/zNewTest/antonio_rinaldi/orig2.html, /home/valentina/workspace_nuovo/FeatureExtractor/pages4test/zNewTest/antonio_rinaldi/orig4.html, antonio_rinaldi/orig24
0.4, 0.20588236, 0.5, 0.48076922, 0.64102566, /home/valentina/workspace_nuovo/FeatureExtractor/pages4test/zNewTest/antonio_rinaldi/orig2.html, /home/valentina/workspace_nuovo/FeatureExtractor/pages4test/zNewTest/antonio_rinaldi/orig4.html, antonio_rinaldi/orig24
0.6, 0.4, 0.2857143, 0.5416667, 0.52777773, /home/valentina/workspace_nuovo/FeatureExtractor/pages4test/zNewTest/antonio_rinaldi/orig2.html, /home/valentina/workspace_nuovo/FeatureExtractor/pages4test/zNewTest/antonio_rinaldi/orig4.html, antonio_rinaldi/orig24
0.8, 1.0, 0.21428572, 1.0, 0.33333334, /home/valentina/workspace_nuovo/FeatureExtractor/pages4test/zNewTest/antonio_rinaldi/orig2.html, /home/valentina/workspace_nuovo/FeatureExtractor/pages4test/zNewTest/antonio_rinaldi/orig4.html, antonio_rinaldi/orig24
1, 1.0, 0.21428572, 1.0, 0.33333334, /home/valentina/workspace_nuovo/FeatureExtractor/pages4test/zNewTest/antonio_rinaldi/orig2.html, /home/valentina/workspace_nuovo/FeatureExtractor/pages4test/zNewTest/antonio_rinaldi/orig4.html, antonio_rinaldi/orig24
0, 0.06128134, 0.9166667, 0.14345238, 0.96428573, /home/valentina/workspace_nuovo/FeatureExtractor/pages4test/zNewTest/antonio_rinaldi/orig3.html, /home/valentina/workspace_nuovo/FeatureExtractor/pages4test/zNewTest/antonio_rinaldi/orig4.html, antonio_rinaldi/orig34
0.2, 0.14473684, 0.9166667, 0.17952673, 0.962963, /home/valentina/workspace_nuovo/FeatureExtractor/pages4test/zNewTest/antonio_rinaldi/orig3.html, /home/valentina/workspace_nuovo/FeatureExtractor/pages4test/zNewTest/antonio_rinaldi/orig4.html, antonio_rinaldi/orig34
0.4, 0.36363637, 0.8333333, 0.3888889, 0.92129636, /home/valentina/workspace_nuovo/FeatureExtractor/pages4test/zNewTest/antonio_rinaldi/orig3.html, /home/valentina/workspace_nuovo/FeatureExtractor/pages4test/zNewTest/antonio_rinaldi/orig4.html, antonio_rinaldi/orig34
0.6, 0.3548387, 0.45833334, 0.48387095, 0.73655915, /home/valentina/workspace_nuovo/FeatureExtractor/pages4test/zNewTest/antonio_rinaldi/orig3.html, /home/valentina/workspace_nuovo/FeatureExtractor/pages4test/zNewTest/antonio_rinaldi/orig4.html, antonio_rinaldi/orig34
0.8, 0.47368422, 0.375, 0.65384614, 0.65384614, /home/valentina/workspace_nuovo/FeatureExtractor/pages4test/zNewTest/antonio_rinaldi/orig3.html, /home/valentina/workspace_nuovo/FeatureExtractor/pages4test/zNewTest/antonio_rinaldi/orig4.html, antonio_rinaldi/orig34
1, 0.8181818, 0.375, 0.9444444, 0.5, /home/valentina/workspace_nuovo/FeatureExtractor/pages4test/zNewTest/antonio_rinaldi/orig3.html, /home/valentina/workspace_nuovo/FeatureExtractor/pages4test/zNewTest/antonio_rinaldi/orig4.html, antonio_rinaldi/orig34
0, 0.16532259, 0.9111111, 0.15376343, 0.983871, /home/valentina/workspace_nuovo/FeatureExtractor/pages4test/zNewTest/a_sapi/orig1.html, /home/valentina/workspace_nuovo/FeatureExtractor/pages4test/zNewTest/a_sapi/orig2.html, a_sapi/orig12
0.2, 0.18981482, 0.9111111, 0.17931034, 0.98275864, /home/valentina/workspace_nuovo/FeatureExtractor/pages4test/zNewTest/a_sapi/orig1.html, /home/valentina/workspace_nuovo/FeatureExtractor/pages4test/zNewTest/a_sapi/orig2.html, a_sapi/orig12
0.4, 0.25503355, 0.84444445, 0.2090909, 0.9318182, /home/valentina/workspace_nuovo/FeatureExtractor/pages4test/zNewTest/a_sapi/orig1.html, /home/valentina/workspace_nuovo/FeatureExtractor/pages4test/zNewTest/a_sapi/orig2.html, a_sapi/orig12
0.6, 0.42696628, 0.84444445, 0.4925926, 0.875, /home/valentina/workspace_nuovo/FeatureExtractor/pages4test/zNewTest/a_sapi/orig1.html, /home/valentina/workspace_nuovo/FeatureExtractor/pages4test/zNewTest/a_sapi/orig2.html, a_sapi/orig12
0.8, 0.49315068, 0.8, 0.5779221, 0.84090906, /home/valentina/workspace_nuovo/FeatureExtractor/pages4test/zNewTest/a_sapi/orig1.html, /home/valentina/workspace_nuovo/FeatureExtractor/pages4test/zNewTest/a_sapi/orig2.html, a_sapi/orig12
1, 0.52272725, 0.51111114, 0.59090906, 0.6931818, /home/valentina/workspace_nuovo/FeatureExtractor/pages4test/zNewTest/a_sapi/orig1.html, /home/valentina/workspace_nuovo/FeatureExtractor/pages4test/zNewTest/a_sapi/orig2.html, a_sapi/orig12
0, 0.08695652, 1.0, 0.083333336, 1.0, /home/valentina/workspace_nuovo/FeatureExtractor/pages4test/zNewTest/beth_pollini/orig1.html, /home/valentina/workspace_nuovo/FeatureExtractor/pages4test/zNewTest/beth_pollini/orig2.html, beth_pollini/orig12
0.2, 0.0, 0.0, 0.4, 0.6, /home/valentina/workspace_nuovo/FeatureExtractor/pages4test/zNewTest/beth_pollini/orig1.html, /home/valentina/workspace_nuovo/FeatureExtractor/pages4test/zNewTest/beth_pollini/orig2.html, beth_pollini/orig12
0.4, 0.0, 0.0, 0.4, 0.6, /home/valentina/workspace_nuovo/FeatureExtractor/pages4test/zNewTest/beth_pollini/orig1.html, /home/valentina/workspace_nuovo/FeatureExtractor/pages4test/zNewTest/beth_pollini/orig2.html, beth_pollini/orig12
0.6, 1.0, 0.0, 1.0, 0.0, /home/valentina/workspace_nuovo/FeatureExtractor/pages4test/zNewTest/beth_pollini/orig1.html, /home/valentina/workspace_nuovo/FeatureExtractor/pages4test/zNewTest/beth_pollini/orig2.html, beth_pollini/orig12
0.8, 1.0, 0.0, 1.0, 0.0, /home/valentina/workspace_nuovo/FeatureExtractor/pages4test/zNewTest/beth_pollini/orig1.html, /home/valentina/workspace_nuovo/FeatureExtractor/pages4test/zNewTest/beth_pollini/orig2.html, beth_pollini/orig12
1, 1.0, 0.0, 1.0, 0.0, /home/valentina/workspace_nuovo/FeatureExtractor/pages4test/zNewTest/beth_pollini/orig1.html, /home/valentina/workspace_nuovo/FeatureExtractor/pages4test/zNewTest/beth_pollini/orig2.html, beth_pollini/orig12
0, 0.09756097, 1.0, 0.08796296, 1.0, /home/valentina/workspace_nuovo/FeatureExtractor/pages4test/zNewTest/beth_pollini/orig1.html, /home/valentina/workspace_nuovo/FeatureExtractor/pages4test/zNewTest/beth_pollini/orig3.html, beth_pollini/orig13
0.2, 0.2, 1.0, 0.19097222, 1.0, /home/valentina/workspace_nuovo/FeatureExtractor/pages4test/zNewTest/beth_pollini/orig1.html, /home/valentina/workspace_nuovo/FeatureExtractor/pages4test/zNewTest/beth_pollini/orig3.html, beth_pollini/orig13
0.4, 0.35, 0.875, 0.2792208, 0.9818182, /home/valentina/workspace_nuovo/FeatureExtractor/pages4test/zNewTest/beth_pollini/orig1.html, /home/valentina/workspace_nuovo/FeatureExtractor/pages4test/zNewTest/beth_pollini/orig3.html, beth_pollini/orig13
0.6, 0.54545456, 0.75, 0.47142857, 0.82857144, /home/valentina/workspace_nuovo/FeatureExtractor/pages4test/zNewTest/beth_pollini/orig1.html, /home/valentina/workspace_nuovo/FeatureExtractor/pages4test/zNewTest/beth_pollini/orig3.html, beth_pollini/orig13
0.8, 0.75, 0.375, 0.9375, 0.15, /home/valentina/workspace_nuovo/FeatureExtractor/pages4test/zNewTest/beth_pollini/orig1.html, /home/valentina/workspace_nuovo/FeatureExtractor/pages4test/zNewTest/beth_pollini/orig3.html, beth_pollini/orig13
1, 1.0, 0.125, 1.0, 0.05, /home/valentina/workspace_nuovo/FeatureExtractor/pages4test/zNewTest/beth_pollini/orig1.html, /home/valentina/workspace_nuovo/FeatureExtractor/pages4test/zNewTest/beth_pollini/orig3.html, beth_pollini/orig13
0, 0.13432837, 0.75, 0.21153846, 0.87179494, /home/valentina/workspace_nuovo/FeatureExtractor/pages4test/zNewTest/beth_pollini/orig2.html, /home/valentina/workspace_nuovo/FeatureExtractor/pages4test/zNewTest/beth_pollini/orig3.html, beth_pollini/orig23
0.2, 0.2962963, 0.6666667, 0.46969697, 0.7575758, /home/valentina/workspace_nuovo/FeatureExtractor/pages4test/zNewTest/beth_pollini/orig2.html, /home/valentina/workspace_nuovo/FeatureExtractor/pages4test/zNewTest/beth_pollini/orig3.html, beth_pollini/orig23
0.4, 0.5833333, 0.5833333, 0.6666667, 0.6666667, /home/valentina/workspace_nuovo/FeatureExtractor/pages4test/zNewTest/beth_pollini/orig2.html, /home/valentina/workspace_nuovo/FeatureExtractor/pages4test/zNewTest/beth_pollini/orig3.html, beth_pollini/orig23
0.6, 0.875, 0.5833333, 0.8888889, 0.5925926, /home/valentina/workspace_nuovo/FeatureExtractor/pages4test/zNewTest/beth_pollini/orig2.html, /home/valentina/workspace_nuovo/FeatureExtractor/pages4test/zNewTest/beth_pollini/orig3.html, beth_pollini/orig23
0.8, 1.0, 0.25, 1.0, 0.375, /home/valentina/workspace_nuovo/FeatureExtractor/pages4test/zNewTest/beth_pollini/orig2.html, /home/valentina/workspace_nuovo/FeatureExtractor/pages4test/zNewTest/beth_pollini/orig3.html, beth_pollini/orig23
1, 1.0, 0.25, 1.0, 0.375, /home/valentina/workspace_nuovo/FeatureExtractor/pages4test/zNewTest/beth_pollini/orig2.html, /home/valentina/workspace_nuovo/FeatureExtractor/pages4test/zNewTest/beth_pollini/orig3.html, beth_pollini/orig23
0, 0.47619048, 0.90909094, 0.33333334, 0.969697, /home/valentina/workspace_nuovo/FeatureExtractor/pages4test/zNewTest/beth_pollini/orig2.html, /home/valentina/workspace_nuovo/FeatureExtractor/pages4test/zNewTest/beth_pollini/orig5.html, beth_pollini/orig25
0.2, 1.0, 0.90909094, 1.0, 0.90909094, /home/valentina/workspace_nuovo/FeatureExtractor/pages4test/zNewTest/beth_pollini/orig2.html, /home/valentina/workspace_nuovo/FeatureExtractor/pages4test/zNewTest/beth_pollini/orig5.html, beth_pollini/orig25
0.4, 1.0, 0.90909094, 1.0, 0.90909094, /home/valentina/workspace_nuovo/FeatureExtractor/pages4test/zNewTest/beth_pollini/orig2.html, /home/valentina/workspace_nuovo/FeatureExtractor/pages4test/zNewTest/beth_pollini/orig5.html, beth_pollini/orig25
0.6, 1.0, 0.90909094, 1.0, 0.90909094, /home/valentina/workspace_nuovo/FeatureExtractor/pages4test/zNewTest/beth_pollini/orig2.html, /home/valentina/workspace_nuovo/FeatureExtractor/pages4test/zNewTest/beth_pollini/orig5.html, beth_pollini/orig25
0.8, 1.0, 0.90909094, 1.0, 0.90909094, /home/valentina/workspace_nuovo/FeatureExtractor/pages4test/zNewTest/beth_pollini/orig2.html, /home/valentina/workspace_nuovo/FeatureExtractor/pages4test/zNewTest/beth_pollini/orig5.html, beth_pollini/orig25
1, 1.0, 0.0, 1.0, 0.0, /home/valentina/workspace_nuovo/FeatureExtractor/pages4test/zNewTest/beth_pollini/orig2.html, /home/valentina/workspace_nuovo/FeatureExtractor/pages4test/zNewTest/beth_pollini/orig5.html, beth_pollini/orig25
0, 0.073619634, 0.9230769, 0.07575758, 0.9958678, /home/valentina/workspace_nuovo/FeatureExtractor/pages4test/zNewTest/beth_pollini/orig3.html, /home/valentina/workspace_nuovo/FeatureExtractor/pages4test/zNewTest/beth_pollini/orig5.html, beth_pollini/orig35
0.2, 0.15, 0.9230769, 0.13333334, 0.9939394, /home/valentina/workspace_nuovo/FeatureExtractor/pages4test/zNewTest/beth_pollini/orig3.html, /home/valentina/workspace_nuovo/FeatureExtractor/pages4test/zNewTest/beth_pollini/orig5.html, beth_pollini/orig35
0.4, 0.31578946, 0.9230769, 0.2857143, 0.987013, /home/valentina/workspace_nuovo/FeatureExtractor/pages4test/zNewTest/beth_pollini/orig3.html, /home/valentina/workspace_nuovo/FeatureExtractor/pages4test/zNewTest/beth_pollini/orig5.html, beth_pollini/orig35
0.6, 0.42857143, 0.9230769, 0.33333334, 0.9848485, /home/valentina/workspace_nuovo/FeatureExtractor/pages4test/zNewTest/beth_pollini/orig3.html, /home/valentina/workspace_nuovo/FeatureExtractor/pages4test/zNewTest/beth_pollini/orig5.html, beth_pollini/orig35
0.8, 0.75, 0.9230769, 0.5, 0.97727275, /home/valentina/workspace_nuovo/FeatureExtractor/pages4test/zNewTest/beth_pollini/orig3.html, /home/valentina/workspace_nuovo/FeatureExtractor/pages4test/zNewTest/beth_pollini/orig5.html, beth_pollini/orig35
1, 0.75, 0.9230769, 0.5, 0.97727275, /home/valentina/workspace_nuovo/FeatureExtractor/pages4test/zNewTest/beth_pollini/orig3.html, /home/valentina/workspace_nuovo/FeatureExtractor/pages4test/zNewTest/beth_pollini/orig5.html, beth_pollini/orig35
0, 0.29411766, 1.0, 0.3102041, 1.0, /home/valentina/workspace_nuovo/FeatureExtractor/pages4test/zNewTest/claudio_amoroso/orig1.html, /home/valentina/workspace_nuovo/FeatureExtractor/pages4test/zNewTest/claudio_amoroso/orig2.html, claudio_amoroso/orig12
0.2, 0.3409091, 1.0, 0.37551022, 1.0, /home/valentina/workspace_nuovo/FeatureExtractor/pages4test/zNewTest/claudio_amoroso/orig1.html, /home/valentina/workspace_nuovo/FeatureExtractor/pages4test/zNewTest/claudio_amoroso/orig2.html, claudio_amoroso/orig12
0.4, 0.51724136, 1.0, 0.5238095, 1.0, /home/valentina/workspace_nuovo/FeatureExtractor/pages4test/zNewTest/claudio_amoroso/orig1.html, /home/valentina/workspace_nuovo/FeatureExtractor/pages4test/zNewTest/claudio_amoroso/orig2.html, claudio_amoroso/orig12
0.6, 0.65217394, 1.0, 0.64285713, 1.0, /home/valentina/workspace_nuovo/FeatureExtractor/pages4test/zNewTest/claudio_amoroso/orig1.html, /home/valentina/workspace_nuovo/FeatureExtractor/pages4test/zNewTest/claudio_amoroso/orig2.html, claudio_amoroso/orig12
0.8, 0.8666667, 0.8666667, 0.75, 0.93333334, /home/valentina/workspace_nuovo/FeatureExtractor/pages4test/zNewTest/claudio_amoroso/orig1.html, /home/valentina/workspace_nuovo/FeatureExtractor/pages4test/zNewTest/claudio_amoroso/orig2.html, claudio_amoroso/orig12
1, 0.90909094, 0.6666667, 0.8333333, 0.7, /home/valentina/workspace_nuovo/FeatureExtractor/pages4test/zNewTest/claudio_amoroso/orig1.html, /home/valentina/workspace_nuovo/FeatureExtractor/pages4test/zNewTest/claudio_amoroso/orig2.html, claudio_amoroso/orig12
0, 0.42857143, 0.88235295, 0.6402778, 0.75, /home/valentina/workspace_nuovo/FeatureExtractor/pages4test/zNewTest/claudio_amoroso/orig1.html, /home/valentina/workspace_nuovo/FeatureExtractor/pages4test/zNewTest/claudio_amoroso/orig3.html, claudio_amoroso/orig13
0.2, 0.5, 0.88235295, 0.6944444, 0.75, /home/valentina/workspace_nuovo/FeatureExtractor/pages4test/zNewTest/claudio_amoroso/orig1.html, /home/valentina/workspace_nuovo/FeatureExtractor/pages4test/zNewTest/claudio_amoroso/orig3.html, claudio_amoroso/orig13
0.4, 0.875, 0.8235294, 0.875, 0.6875, /home/valentina/workspace_nuovo/FeatureExtractor/pages4test/zNewTest/claudio_amoroso/orig1.html, /home/valentina/workspace_nuovo/FeatureExtractor/pages4test/zNewTest/claudio_amoroso/orig3.html, claudio_amoroso/orig13
0.6, 0.84615386, 0.64705884, 0.875, 0.57916665, /home/valentina/workspace_nuovo/FeatureExtractor/pages4test/zNewTest/claudio_amoroso/orig1.html, /home/valentina/workspace_nuovo/FeatureExtractor/pages4test/zNewTest/claudio_amoroso/orig3.html, claudio_amoroso/orig13
0.8, 1.0, 0.29411766, 1.0, 0.26666668, /home/valentina/workspace_nuovo/FeatureExtractor/pages4test/zNewTest/claudio_amoroso/orig1.html, /home/valentina/workspace_nuovo/FeatureExtractor/pages4test/zNewTest/claudio_amoroso/orig3.html, claudio_amoroso/orig13
1, 1.0, 0.1764706, 1.0, 0.17142858, /home/valentina/workspace_nuovo/FeatureExtractor/pages4test/zNewTest/claudio_amoroso/orig1.html, /home/valentina/workspace_nuovo/FeatureExtractor/pages4test/zNewTest/claudio_amoroso/orig3.html, claudio_amoroso/orig13
0, 0.23703703, 0.9142857, 0.42910048, 0.85714287, /home/valentina/workspace_nuovo/FeatureExtractor/pages4test/zNewTest/claudio_amoroso/orig2.html, /home/valentina/workspace_nuovo/FeatureExtractor/pages4test/zNewTest/claudio_amoroso/orig3.html, claudio_amoroso/orig23
0.2, 0.43835616, 0.9142857, 0.49912283, 0.84210527, /home/valentina/workspace_nuovo/FeatureExtractor/pages4test/zNewTest/claudio_amoroso/orig2.html, /home/valentina/workspace_nuovo/FeatureExtractor/pages4test/zNewTest/claudio_amoroso/orig3.html, claudio_amoroso/orig23
0.4, 1.0, 0.82857144, 1.0, 0.6923077, /home/valentina/workspace_nuovo/FeatureExtractor/pages4test/zNewTest/claudio_amoroso/orig2.html, /home/valentina/workspace_nuovo/FeatureExtractor/pages4test/zNewTest/claudio_amoroso/orig3.html, claudio_amoroso/orig23
0.6, 1.0, 0.5714286, 1.0, 0.48205125, /home/valentina/workspace_nuovo/FeatureExtractor/pages4test/zNewTest/claudio_amoroso/orig2.html, /home/valentina/workspace_nuovo/FeatureExtractor/pages4test/zNewTest/claudio_amoroso/orig3.html, claudio_amoroso/orig23
0.8, 1.0, 0.2, 1.0, 0.18461537, /home/valentina/workspace_nuovo/FeatureExtractor/pages4test/zNewTest/claudio_amoroso/orig2.html, /home/valentina/workspace_nuovo/FeatureExtractor/pages4test/zNewTest/claudio_amoroso/orig3.html, claudio_amoroso/orig23
1, 1.0, 0.057142857, 1.0, 0.03076923, /home/valentina/workspace_nuovo/FeatureExtractor/pages4test/zNewTest/claudio_amoroso/orig2.html, /home/valentina/workspace_nuovo/FeatureExtractor/pages4test/zNewTest/claudio_amoroso/orig3.html, claudio_amoroso/orig23
0, 0.10144927, 1.0, 0.12051281, 1.0, /home/valentina/workspace_nuovo/FeatureExtractor/pages4test/zNewTest/diego_giuntini/orig1.html, /home/valentina/workspace_nuovo/FeatureExtractor/pages4test/zNewTest/diego_giuntini/orig2.html, diego_giuntini/orig12
0.2, 0.22222222, 0.85714287, 0.28, 0.9, /home/valentina/workspace_nuovo/FeatureExtractor/pages4test/zNewTest/diego_giuntini/orig1.html, /home/valentina/workspace_nuovo/FeatureExtractor/pages4test/zNewTest/diego_giuntini/orig2.html, diego_giuntini/orig12
0.4, 0.5, 0.2857143, 0.6, 0.6, /home/valentina/workspace_nuovo/FeatureExtractor/pages4test/zNewTest/diego_giuntini/orig1.html, /home/valentina/workspace_nuovo/FeatureExtractor/pages4test/zNewTest/diego_giuntini/orig2.html, diego_giuntini/orig12
0.6, 1.0, 0.2857143, 1.0, 0.33333334, /home/valentina/workspace_nuovo/FeatureExtractor/pages4test/zNewTest/diego_giuntini/orig1.html, /home/valentina/workspace_nuovo/FeatureExtractor/pages4test/zNewTest/diego_giuntini/orig2.html, diego_giuntini/orig12
0.8, 1.0, 0.0, 1.0, 0.0, /home/valentina/workspace_nuovo/FeatureExtractor/pages4test/zNewTest/diego_giuntini/orig1.html, /home/valentina/workspace_nuovo/FeatureExtractor/pages4test/zNewTest/diego_giuntini/orig2.html, diego_giuntini/orig12
1, 1.0, 0.0, 1.0, 0.0, /home/valentina/workspace_nuovo/FeatureExtractor/pages4test/zNewTest/diego_giuntini/orig1.html, /home/valentina/workspace_nuovo/FeatureExtractor/pages4test/zNewTest/diego_giuntini/orig2.html, diego_giuntini/orig12
0, 0.20689656, 0.85714287, 0.20740741, 0.93333334, /home/valentina/workspace_nuovo/FeatureExtractor/pages4test/zNewTest/di_pietro/orig1.html, /home/valentina/workspace_nuovo/FeatureExtractor/pages4test/zNewTest/di_pietro/orig2.html, di_pietro/orig12
0.2, 0.30769232, 0.5714286, 0.33333334, 0.8, /home/valentina/workspace_nuovo/FeatureExtractor/pages4test/zNewTest/di_pietro/orig1.html, /home/valentina/workspace_nuovo/FeatureExtractor/pages4test/zNewTest/di_pietro/orig2.html, di_pietro/orig12
0.4, 1.0, 0.2857143, 1.0, 0.5, /home/valentina/workspace_nuovo/FeatureExtractor/pages4test/zNewTest/di_pietro/orig1.html, /home/valentina/workspace_nuovo/FeatureExtractor/pages4test/zNewTest/di_pietro/orig2.html, di_pietro/orig12
0.6, 1.0, 0.2857143, 1.0, 0.5, /home/valentina/workspace_nuovo/FeatureExtractor/pages4test/zNewTest/di_pietro/orig1.html, /home/valentina/workspace_nuovo/FeatureExtractor/pages4test/zNewTest/di_pietro/orig2.html, di_pietro/orig12
0.8, 1.0, 0.14285715, 1.0, 0.25, /home/valentina/workspace_nuovo/FeatureExtractor/pages4test/zNewTest/di_pietro/orig1.html, /home/valentina/workspace_nuovo/FeatureExtractor/pages4test/zNewTest/di_pietro/orig2.html, di_pietro/orig12
1, 1.0, 0.14285715, 1.0, 0.25, /home/valentina/workspace_nuovo/FeatureExtractor/pages4test/zNewTest/di_pietro/orig1.html, /home/valentina/workspace_nuovo/FeatureExtractor/pages4test/zNewTest/di_pietro/orig2.html, di_pietro/orig12
0, 0.0990991, 1.0, 0.09951161, 1.0, /home/valentina/workspace_nuovo/FeatureExtractor/pages4test/zNewTest/enrico_pasqualucci/orig1.html, /home/valentina/workspace_nuovo/FeatureExtractor/pages4test/zNewTest/enrico_pasqualucci/orig2.html, enrico_pasqualucci/orig12
0.2, 0.16793893, 1.0, 0.15520833, 1.0, /home/valentina/workspace_nuovo/FeatureExtractor/pages4test/zNewTest/enrico_pasqualucci/orig1.html, /home/valentina/workspace_nuovo/FeatureExtractor/pages4test/zNewTest/enrico_pasqualucci/orig2.html, enrico_pasqualucci/orig12
0.4, 0.3043478, 0.6363636, 0.2724359, 0.8205128, /home/valentina/workspace_nuovo/FeatureExtractor/pages4test/zNewTest/enrico_pasqualucci/orig1.html, /home/valentina/workspace_nuovo/FeatureExtractor/pages4test/zNewTest/enrico_pasqualucci/orig2.html, enrico_pasqualucci/orig12
0.6, 0.5, 0.22727273, 0.61538464, 0.3589744, /home/valentina/workspace_nuovo/FeatureExtractor/pages4test/zNewTest/enrico_pasqualucci/orig1.html, /home/valentina/workspace_nuovo/FeatureExtractor/pages4test/zNewTest/enrico_pasqualucci/orig2.html, enrico_pasqualucci/orig12
0.8, 1.0, 0.0, 1.0, 0.0, /home/valentina/workspace_nuovo/FeatureExtractor/pages4test/zNewTest/enrico_pasqualucci/orig1.html, /home/valentina/workspace_nuovo/FeatureExtractor/pages4test/zNewTest/enrico_pasqualucci/orig2.html, enrico_pasqualucci/orig12
1, 1.0, 0.0, 1.0, 0.0, /home/valentina/workspace_nuovo/FeatureExtractor/pages4test/zNewTest/enrico_pasqualucci/orig1.html, /home/valentina/workspace_nuovo/FeatureExtractor/pages4test/zNewTest/enrico_pasqualucci/orig2.html, enrico_pasqualucci/orig12
0, 0.25634518, 0.74814814, 0.24414894, 0.929078, /home/valentina/workspace_nuovo/FeatureExtractor/pages4test/zNewTest/enrico_pasqualucci/orig1.html, /home/valentina/workspace_nuovo/FeatureExtractor/pages4test/zNewTest/enrico_pasqualucci/orig3.html, enrico_pasqualucci/orig13
0.2, 0.3069909, 0.74814814, 0.31190476, 0.92063487, /home/valentina/workspace_nuovo/FeatureExtractor/pages4test/zNewTest/enrico_pasqualucci/orig1.html, /home/valentina/workspace_nuovo/FeatureExtractor/pages4test/zNewTest/enrico_pasqualucci/orig3.html, enrico_pasqualucci/orig13
0.4, 0.39607844, 0.74814814, 0.42258066, 0.89247304, /home/valentina/workspace_nuovo/FeatureExtractor/pages4test/zNewTest/enrico_pasqualucci/orig1.html, /home/valentina/workspace_nuovo/FeatureExtractor/pages4test/zNewTest/enrico_pasqualucci/orig3.html, enrico_pasqualucci/orig13
0.6, 0.8131868, 0.54814816, 0.7368421, 0.69298244, /home/valentina/workspace_nuovo/FeatureExtractor/pages4test/zNewTest/enrico_pasqualucci/orig1.html, /home/valentina/workspace_nuovo/FeatureExtractor/pages4test/zNewTest/enrico_pasqualucci/orig3.html, enrico_pasqualucci/orig13
0.8, 0.6, 0.17777778, 0.7777778, 0.44444445, /home/valentina/workspace_nuovo/FeatureExtractor/pages4test/zNewTest/enrico_pasqualucci/orig1.html, /home/valentina/workspace_nuovo/FeatureExtractor/pages4test/zNewTest/enrico_pasqualucci/orig3.html, enrico_pasqualucci/orig13
1, 0.6, 0.17777778, 0.7777778, 0.44444445, /home/valentina/workspace_nuovo/FeatureExtractor/pages4test/zNewTest/enrico_pasqualucci/orig1.html, /home/valentina/workspace_nuovo/FeatureExtractor/pages4test/zNewTest/enrico_pasqualucci/orig3.html, enrico_pasqualucci/orig13
0, 0.07478261, 1.0, 0.08308458, 1.0, /home/valentina/workspace_nuovo/FeatureExtractor/pages4test/zNewTest/enrico_pasqualucci/orig1.html, /home/valentina/workspace_nuovo/FeatureExtractor/pages4test/zNewTest/enrico_pasqualucci/orig4.html, enrico_pasqualucci/orig14
0.2, 0.08634538, 1.0, 0.11302083, 1.0, /home/valentina/workspace_nuovo/FeatureExtractor/pages4test/zNewTest/enrico_pasqualucci/orig1.html, /home/valentina/workspace_nuovo/FeatureExtractor/pages4test/zNewTest/enrico_pasqualucci/orig4.html, enrico_pasqualucci/orig14
0.4, 0.112299465, 0.9767442, 0.1648951, 0.98214287, /home/valentina/workspace_nuovo/FeatureExtractor/pages4test/zNewTest/enrico_pasqualucci/orig1.html, /home/valentina/workspace_nuovo/FeatureExtractor/pages4test/zNewTest/enrico_pasqualucci/orig4.html, enrico_pasqualucci/orig14
0.6, 0.1902439, 0.90697676, 0.24842925, 0.9322917, /home/valentina/workspace_nuovo/FeatureExtractor/pages4test/zNewTest/enrico_pasqualucci/orig1.html, /home/valentina/workspace_nuovo/FeatureExtractor/pages4test/zNewTest/enrico_pasqualucci/orig4.html, enrico_pasqualucci/orig14
0.8, 0.31914893, 0.6976744, 0.41153845, 0.8504274, /home/valentina/workspace_nuovo/FeatureExtractor/pages4test/zNewTest/enrico_pasqualucci/orig1.html, /home/valentina/workspace_nuovo/FeatureExtractor/pages4test/zNewTest/enrico_pasqualucci/orig4.html, enrico_pasqualucci/orig14
1, 0.52380955, 0.5116279, 0.49019605, 0.7671569, /home/valentina/workspace_nuovo/FeatureExtractor/pages4test/zNewTest/enrico_pasqualucci/orig1.html, /home/valentina/workspace_nuovo/FeatureExtractor/pages4test/zNewTest/enrico_pasqualucci/orig4.html, enrico_pasqualucci/orig14
0, 0.75, 0.703125, 0.7571429, 0.8261905, /home/valentina/workspace_nuovo/FeatureExtractor/pages4test/zNewTest/enrico_pasqualucci/orig2.html, /home/valentina/workspace_nuovo/FeatureExtractor/pages4test/zNewTest/enrico_pasqualucci/orig3.html, enrico_pasqualucci/orig23
0.2, 0.7758621, 0.703125, 0.8142857, 0.8261905, /home/valentina/workspace_nuovo/FeatureExtractor/pages4test/zNewTest/enrico_pasqualucci/orig2.html, /home/valentina/workspace_nuovo/FeatureExtractor/pages4test/zNewTest/enrico_pasqualucci/orig3.html, enrico_pasqualucci/orig23
0.4, 0.71428573, 0.46875, 0.82857144, 0.6333333, /home/valentina/workspace_nuovo/FeatureExtractor/pages4test/zNewTest/enrico_pasqualucci/orig2.html, /home/valentina/workspace_nuovo/FeatureExtractor/pages4test/zNewTest/enrico_pasqualucci/orig3.html, enrico_pasqualucci/orig23
0.6, 0.85714287, 0.1875, 0.9666667, 0.2777778, /home/valentina/workspace_nuovo/FeatureExtractor/pages4test/zNewTest/enrico_pasqualucci/orig2.html, /home/valentina/workspace_nuovo/FeatureExtractor/pages4test/zNewTest/enrico_pasqualucci/orig3.html, enrico_pasqualucci/orig23
0.8, 1.0, 0.0625, 1.0, 0.16666667, /home/valentina/workspace_nuovo/FeatureExtractor/pages4test/zNewTest/enrico_pasqualucci/orig2.html, /home/valentina/workspace_nuovo/FeatureExtractor/pages4test/zNewTest/enrico_pasqualucci/orig3.html, enrico_pasqualucci/orig23
1, 1.0, 0.03125, 1.0, 0.083333336, /home/valentina/workspace_nuovo/FeatureExtractor/pages4test/zNewTest/enrico_pasqualucci/orig2.html, /home/valentina/workspace_nuovo/FeatureExtractor/pages4test/zNewTest/enrico_pasqualucci/orig3.html, enrico_pasqualucci/orig23
0, 0.25714287, 0.9, 0.25714284, 0.94285715, /home/valentina/workspace_nuovo/FeatureExtractor/pages4test/zNewTest/enrico_pasqualucci/orig2.html, /home/valentina/workspace_nuovo/FeatureExtractor/pages4test/zNewTest/enrico_pasqualucci/orig4.html, enrico_pasqualucci/orig24
0.2, 0.34615386, 0.9, 0.25714284, 0.94285715, /home/valentina/workspace_nuovo/FeatureExtractor/pages4test/zNewTest/enrico_pasqualucci/orig2.html, /home/valentina/workspace_nuovo/FeatureExtractor/pages4test/zNewTest/enrico_pasqualucci/orig4.html, enrico_pasqualucci/orig24
0.4, 0.4047619, 0.85, 0.43611112, 0.88, /home/valentina/workspace_nuovo/FeatureExtractor/pages4test/zNewTest/enrico_pasqualucci/orig2.html, /home/valentina/workspace_nuovo/FeatureExtractor/pages4test/zNewTest/enrico_pasqualucci/orig4.html, enrico_pasqualucci/orig24
0.6, 0.5833333, 0.35, 0.78125, 0.35, /home/valentina/workspace_nuovo/FeatureExtractor/pages4test/zNewTest/enrico_pasqualucci/orig2.html, /home/valentina/workspace_nuovo/FeatureExtractor/pages4test/zNewTest/enrico_pasqualucci/orig4.html, enrico_pasqualucci/orig24
0.8, 1.0, 0.2, 1.0, 0.2, /home/valentina/workspace_nuovo/FeatureExtractor/pages4test/zNewTest/enrico_pasqualucci/orig2.html, /home/valentina/workspace_nuovo/FeatureExtractor/pages4test/zNewTest/enrico_pasqualucci/orig4.html, enrico_pasqualucci/orig24
1, 1.0, 0.0, 1.0, 0.0, /home/valentina/workspace_nuovo/FeatureExtractor/pages4test/zNewTest/enrico_pasqualucci/orig2.html, /home/valentina/workspace_nuovo/FeatureExtractor/pages4test/zNewTest/enrico_pasqualucci/orig4.html, enrico_pasqualucci/orig24
0, 0.1008547, 1.0, 0.08640351, 1.0, /home/valentina/workspace_nuovo/FeatureExtractor/pages4test/zNewTest/enrico_pasqualucci/orig3.html, /home/valentina/workspace_nuovo/FeatureExtractor/pages4test/zNewTest/enrico_pasqualucci/orig4.html, enrico_pasqualucci/orig34
0.2, 0.1381733, 1.0, 0.118974365, 1.0, /home/valentina/workspace_nuovo/FeatureExtractor/pages4test/zNewTest/enrico_pasqualucci/orig3.html, /home/valentina/workspace_nuovo/FeatureExtractor/pages4test/zNewTest/enrico_pasqualucci/orig4.html, enrico_pasqualucci/orig34
0.4, 0.21923077, 0.9661017, 0.16203703, 0.98765427, /home/valentina/workspace_nuovo/FeatureExtractor/pages4test/zNewTest/enrico_pasqualucci/orig3.html, /home/valentina/workspace_nuovo/FeatureExtractor/pages4test/zNewTest/enrico_pasqualucci/orig4.html, enrico_pasqualucci/orig34
0.6, 0.5445545, 0.9322034, 0.6231885, 0.9130435, /home/valentina/workspace_nuovo/FeatureExtractor/pages4test/zNewTest/enrico_pasqualucci/orig3.html, /home/valentina/workspace_nuovo/FeatureExtractor/pages4test/zNewTest/enrico_pasqualucci/orig4.html, enrico_pasqualucci/orig34
0.8, 0.7209302, 0.5254237, 0.75, 0.6363636, /home/valentina/workspace_nuovo/FeatureExtractor/pages4test/zNewTest/enrico_pasqualucci/orig3.html, /home/valentina/workspace_nuovo/FeatureExtractor/pages4test/zNewTest/enrico_pasqualucci/orig4.html, enrico_pasqualucci/orig34
1, 1.0, 0.2542373, 1.0, 0.4, /home/valentina/workspace_nuovo/FeatureExtractor/pages4test/zNewTest/enrico_pasqualucci/orig3.html, /home/valentina/workspace_nuovo/FeatureExtractor/pages4test/zNewTest/enrico_pasqualucci/orig4.html, enrico_pasqualucci/orig34
0, 0.10764872, 0.95, 0.12987709, 0.983871, /home/valentina/workspace_nuovo/FeatureExtractor/pages4test/zNewTest/gabriele_fani/orig1.html, /home/valentina/workspace_nuovo/FeatureExtractor/pages4test/zNewTest/gabriele_fani/orig2.html, gabriele_fani/orig12
0.2, 0.15261044, 0.95, 0.19269004, 0.98245615, /home/valentina/workspace_nuovo/FeatureExtractor/pages4test/zNewTest/gabriele_fani/orig1.html, /home/valentina/workspace_nuovo/FeatureExtractor/pages4test/zNewTest/gabriele_fani/orig2.html, gabriele_fani/orig12
0.4, 0.28421053, 0.675, 0.37606838, 0.88461536, /home/valentina/workspace_nuovo/FeatureExtractor/pages4test/zNewTest/gabriele_fani/orig1.html, /home/valentina/workspace_nuovo/FeatureExtractor/pages4test/zNewTest/gabriele_fani/orig2.html, gabriele_fani/orig12
0.6, 0.62857145, 0.55, 0.8095239, 0.7738095, /home/valentina/workspace_nuovo/FeatureExtractor/pages4test/zNewTest/gabriele_fani/orig1.html, /home/valentina/workspace_nuovo/FeatureExtractor/pages4test/zNewTest/gabriele_fani/orig2.html, gabriele_fani/orig12
0.8, 1.0, 0.45, 1.0, 0.6666666, /home/valentina/workspace_nuovo/FeatureExtractor/pages4test/zNewTest/gabriele_fani/orig1.html, /home/valentina/workspace_nuovo/FeatureExtractor/pages4test/zNewTest/gabriele_fani/orig2.html, gabriele_fani/orig12
1, 1.0, 0.45, 1.0, 0.6666666, /home/valentina/workspace_nuovo/FeatureExtractor/pages4test/zNewTest/gabriele_fani/orig1.html, /home/valentina/workspace_nuovo/FeatureExtractor/pages4test/zNewTest/gabriele_fani/orig2.html, gabriele_fani/orig12
0, 0.12913907, 1.0, 0.121101774, 1.0, /home/valentina/workspace_nuovo/FeatureExtractor/pages4test/zNewTest/gabriele_fani/orig1.html, /home/valentina/workspace_nuovo/FeatureExtractor/pages4test/zNewTest/gabriele_fani/orig3.html, gabriele_fani/orig13
0.2, 0.24375, 1.0, 0.20210996, 1.0, /home/valentina/workspace_nuovo/FeatureExtractor/pages4test/zNewTest/gabriele_fani/orig1.html, /home/valentina/workspace_nuovo/FeatureExtractor/pages4test/zNewTest/gabriele_fani/orig3.html, gabriele_fani/orig13
0.4, 0.4520548, 0.84615386, 0.38055554, 0.9583333, /home/valentina/workspace_nuovo/FeatureExtractor/pages4test/zNewTest/gabriele_fani/orig1.html, /home/valentina/workspace_nuovo/FeatureExtractor/pages4test/zNewTest/gabriele_fani/orig3.html, gabriele_fani/orig13
0.6, 0.5833333, 0.35897437, 0.5869565, 0.6630435, /home/valentina/workspace_nuovo/FeatureExtractor/pages4test/zNewTest/gabriele_fani/orig1.html, /home/valentina/workspace_nuovo/FeatureExtractor/pages4test/zNewTest/gabriele_fani/orig3.html, gabriele_fani/orig13
0.8, 0.6, 0.23076923, 0.73913044, 0.5652174, /home/valentina/workspace_nuovo/FeatureExtractor/pages4test/zNewTest/gabriele_fani/orig1.html, /home/valentina/workspace_nuovo/FeatureExtractor/pages4test/zNewTest/gabriele_fani/orig3.html, gabriele_fani/orig13
1, 0.53846157, 0.17948718, 0.73913044, 0.47826087, /home/valentina/workspace_nuovo/FeatureExtractor/pages4test/zNewTest/gabriele_fani/orig1.html, /home/valentina/workspace_nuovo/FeatureExtractor/pages4test/zNewTest/gabriele_fani/orig3.html, gabriele_fani/orig13
0, 0.14117648, 0.96, 0.1327957, 0.98924726, /home/valentina/workspace_nuovo/FeatureExtractor/pages4test/zNewTest/gabriele_fani/orig2.html, /home/valentina/workspace_nuovo/FeatureExtractor/pages4test/zNewTest/gabriele_fani/orig3.html, gabriele_fani/orig23
0.2, 0.24742268, 0.96, 0.21666668, 0.9861111, /home/valentina/workspace_nuovo/FeatureExtractor/pages4test/zNewTest/gabriele_fani/orig2.html, /home/valentina/workspace_nuovo/FeatureExtractor/pages4test/zNewTest/gabriele_fani/orig3.html, gabriele_fani/orig23
0.4, 0.46, 0.92, 0.53333336, 0.9555556, /home/valentina/workspace_nuovo/FeatureExtractor/pages4test/zNewTest/gabriele_fani/orig2.html, /home/valentina/workspace_nuovo/FeatureExtractor/pages4test/zNewTest/gabriele_fani/orig3.html, gabriele_fani/orig23
0.6, 0.6666667, 0.64, 0.70512825, 0.7564103, /home/valentina/workspace_nuovo/FeatureExtractor/pages4test/zNewTest/gabriele_fani/orig2.html, /home/valentina/workspace_nuovo/FeatureExtractor/pages4test/zNewTest/gabriele_fani/orig3.html, gabriele_fani/orig23
0.8, 1.0, 0.2, 1.0, 0.20833333, /home/valentina/workspace_nuovo/FeatureExtractor/pages4test/zNewTest/gabriele_fani/orig2.html, /home/valentina/workspace_nuovo/FeatureExtractor/pages4test/zNewTest/gabriele_fani/orig3.html, gabriele_fani/orig23
1, 1.0, 0.2, 1.0, 0.20833333, /home/valentina/workspace_nuovo/FeatureExtractor/pages4test/zNewTest/gabriele_fani/orig2.html, /home/valentina/workspace_nuovo/FeatureExtractor/pages4test/zNewTest/gabriele_fani/orig3.html, gabriele_fani/orig23
0, 0.12903225, 1.0, 0.11396011, 1.0, /home/valentina/workspace_nuovo/FeatureExtractor/pages4test/zNewTest/giulia_alberico/orig1.html, /home/valentina/workspace_nuovo/FeatureExtractor/pages4test/zNewTest/giulia_alberico/orig2.html, giulia_alberico/orig12
0.2, 0.19858156, 1.0, 0.21435183, 1.0, /home/valentina/workspace_nuovo/FeatureExtractor/pages4test/zNewTest/giulia_alberico/orig1.html, /home/valentina/workspace_nuovo/FeatureExtractor/pages4test/zNewTest/giulia_alberico/orig2.html, giulia_alberico/orig12
0.4, 0.33333334, 1.0, 0.5625, 1.0, /home/valentina/workspace_nuovo/FeatureExtractor/pages4test/zNewTest/giulia_alberico/orig1.html, /home/valentina/workspace_nuovo/FeatureExtractor/pages4test/zNewTest/giulia_alberico/orig2.html, giulia_alberico/orig12
0.6, 0.9166667, 0.78571427, 0.9, 0.75, /home/valentina/workspace_nuovo/FeatureExtractor/pages4test/zNewTest/giulia_alberico/orig1.html, /home/valentina/workspace_nuovo/FeatureExtractor/pages4test/zNewTest/giulia_alberico/orig2.html, giulia_alberico/orig12
0.8, 0.9166667, 0.78571427, 0.9, 0.75, /home/valentina/workspace_nuovo/FeatureExtractor/pages4test/zNewTest/giulia_alberico/orig1.html, /home/valentina/workspace_nuovo/FeatureExtractor/pages4test/zNewTest/giulia_alberico/orig2.html, giulia_alberico/orig12
1, 0.9166667, 0.78571427, 0.9, 0.75, /home/valentina/workspace_nuovo/FeatureExtractor/pages4test/zNewTest/giulia_alberico/orig1.html, /home/valentina/workspace_nuovo/FeatureExtractor/pages4test/zNewTest/giulia_alberico/orig2.html, giulia_alberico/orig12
0, 0.16666667, 1.0, 0.14583333, 1.0, /home/valentina/workspace_nuovo/FeatureExtractor/pages4test/zNewTest/giulia_alberico/orig1.html, /home/valentina/workspace_nuovo/FeatureExtractor/pages4test/zNewTest/giulia_alberico/orig3.html, giulia_alberico/orig13
0.2, 0.3888889, 1.0, 0.43333343, 1.0, /home/valentina/workspace_nuovo/FeatureExtractor/pages4test/zNewTest/giulia_alberico/orig1.html, /home/valentina/workspace_nuovo/FeatureExtractor/pages4test/zNewTest/giulia_alberico/orig3.html, giulia_alberico/orig13
0.4, 0.6086956, 1.0, 0.6785714, 1.0, /home/valentina/workspace_nuovo/FeatureExtractor/pages4test/zNewTest/giulia_alberico/orig1.html, /home/valentina/workspace_nuovo/FeatureExtractor/pages4test/zNewTest/giulia_alberico/orig3.html, giulia_alberico/orig13
0.6, 1.0, 0.9285714, 1.0, 0.9285714, /home/valentina/workspace_nuovo/FeatureExtractor/pages4test/zNewTest/giulia_alberico/orig1.html, /home/valentina/workspace_nuovo/FeatureExtractor/pages4test/zNewTest/giulia_alberico/orig3.html, giulia_alberico/orig13
0.8, 1.0, 0.9285714, 1.0, 0.9285714, /home/valentina/workspace_nuovo/FeatureExtractor/pages4test/zNewTest/giulia_alberico/orig1.html, /home/valentina/workspace_nuovo/FeatureExtractor/pages4test/zNewTest/giulia_alberico/orig3.html, giulia_alberico/orig13
1, 1.0, 0.9285714, 1.0, 0.9285714, /home/valentina/workspace_nuovo/FeatureExtractor/pages4test/zNewTest/giulia_alberico/orig1.html, /home/valentina/workspace_nuovo/FeatureExtractor/pages4test/zNewTest/giulia_alberico/orig3.html, giulia_alberico/orig13
0, 0.49310344, 0.8562874, 0.43940172, 0.92721885, /home/valentina/workspace_nuovo/FeatureExtractor/pages4test/zNewTest/giulia_alberico/orig1.html, /home/valentina/workspace_nuovo/FeatureExtractor/pages4test/zNewTest/giulia_alberico/orig4.html, giulia_alberico/orig14
0.2, 0.66511625, 0.8562874, 0.705641, 0.92721885, /home/valentina/workspace_nuovo/FeatureExtractor/pages4test/zNewTest/giulia_alberico/orig1.html, /home/valentina/workspace_nuovo/FeatureExtractor/pages4test/zNewTest/giulia_alberico/orig4.html, giulia_alberico/orig14
0.4, 0.9328859, 0.83233535, 0.8787879, 0.8412587, /home/valentina/workspace_nuovo/FeatureExtractor/pages4test/zNewTest/giulia_alberico/orig1.html, /home/valentina/workspace_nuovo/FeatureExtractor/pages4test/zNewTest/giulia_alberico/orig4.html, giulia_alberico/orig14
0.6, 0.9590164, 0.7005988, 0.93333334, 0.609091, /home/valentina/workspace_nuovo/FeatureExtractor/pages4test/zNewTest/giulia_alberico/orig1.html, /home/valentina/workspace_nuovo/FeatureExtractor/pages4test/zNewTest/giulia_alberico/orig4.html, giulia_alberico/orig14
0.8, 0.9826087, 0.6766467, 0.96363634, 0.5363637, /home/valentina/workspace_nuovo/FeatureExtractor/pages4test/zNewTest/giulia_alberico/orig1.html, /home/valentina/workspace_nuovo/FeatureExtractor/pages4test/zNewTest/giulia_alberico/orig4.html, giulia_alberico/orig14
1, 0.9826087, 0.6766467, 0.96363634, 0.5363637, /home/valentina/workspace_nuovo/FeatureExtractor/pages4test/zNewTest/giulia_alberico/orig1.html, /home/valentina/workspace_nuovo/FeatureExtractor/pages4test/zNewTest/giulia_alberico/orig4.html, giulia_alberico/orig14
0, 0.3469388, 0.71686745, 0.28686863, 0.94854385, /home/valentina/workspace_nuovo/FeatureExtractor/pages4test/zNewTest/giulia_alberico/orig1.html, /home/valentina/workspace_nuovo/FeatureExtractor/pages4test/zNewTest/giulia_alberico/orig5.html, giulia_alberico/orig15
0.2, 0.42805755, 0.71686745, 0.39999998, 0.94693583, /home/valentina/workspace_nuovo/FeatureExtractor/pages4test/zNewTest/giulia_alberico/orig1.html, /home/valentina/workspace_nuovo/FeatureExtractor/pages4test/zNewTest/giulia_alberico/orig5.html, giulia_alberico/orig15
0.4, 0.5920398, 0.71686745, 0.48448274, 0.9414464, /home/valentina/workspace_nuovo/FeatureExtractor/pages4test/zNewTest/giulia_alberico/orig1.html, /home/valentina/workspace_nuovo/FeatureExtractor/pages4test/zNewTest/giulia_alberico/orig5.html, giulia_alberico/orig15
0.6, 0.8095238, 0.61445785, 0.7205128, 0.84998333, /home/valentina/workspace_nuovo/FeatureExtractor/pages4test/zNewTest/giulia_alberico/orig1.html, /home/valentina/workspace_nuovo/FeatureExtractor/pages4test/zNewTest/giulia_alberico/orig5.html, giulia_alberico/orig15
0.8, 0.9047619, 0.57228917, 0.9366666, 0.6928571, /home/valentina/workspace_nuovo/FeatureExtractor/pages4test/zNewTest/giulia_alberico/orig1.html, /home/valentina/workspace_nuovo/FeatureExtractor/pages4test/zNewTest/giulia_alberico/orig5.html, giulia_alberico/orig15
1, 0.90909094, 0.5421687, 0.9689655, 0.5098523, /home/valentina/workspace_nuovo/FeatureExtractor/pages4test/zNewTest/giulia_alberico/orig1.html, /home/valentina/workspace_nuovo/FeatureExtractor/pages4test/zNewTest/giulia_alberico/orig5.html, giulia_alberico/orig15
0, 0.1754386, 1.0, 0.1859649, 1.0, /home/valentina/workspace_nuovo/FeatureExtractor/pages4test/zNewTest/giulia_alberico/orig2.html, /home/valentina/workspace_nuovo/FeatureExtractor/pages4test/zNewTest/giulia_alberico/orig3.html, giulia_alberico/orig23
0.2, 0.32142857, 0.9, 0.372549, 0.9411765, /home/valentina/workspace_nuovo/FeatureExtractor/pages4test/zNewTest/giulia_alberico/orig2.html, /home/valentina/workspace_nuovo/FeatureExtractor/pages4test/zNewTest/giulia_alberico/orig3.html, giulia_alberico/orig23
0.4, 0.625, 0.5, 0.8, 0.55, /home/valentina/workspace_nuovo/FeatureExtractor/pages4test/zNewTest/giulia_alberico/orig2.html, /home/valentina/workspace_nuovo/FeatureExtractor/pages4test/zNewTest/giulia_alberico/orig3.html, giulia_alberico/orig23
0.6, 1.0, 0.5, 1.0, 0.5, /home/valentina/workspace_nuovo/FeatureExtractor/pages4test/zNewTest/giulia_alberico/orig2.html, /home/valentina/workspace_nuovo/FeatureExtractor/pages4test/zNewTest/giulia_alberico/orig3.html, giulia_alberico/orig23
0.8, 1.0, 0.5, 1.0, 0.5, /home/valentina/workspace_nuovo/FeatureExtractor/pages4test/zNewTest/giulia_alberico/orig2.html, /home/valentina/workspace_nuovo/FeatureExtractor/pages4test/zNewTest/giulia_alberico/orig3.html, giulia_alberico/orig23
1, 1.0, 0.5, 1.0, 0.5, /home/valentina/workspace_nuovo/FeatureExtractor/pages4test/zNewTest/giulia_alberico/orig2.html, /home/valentina/workspace_nuovo/FeatureExtractor/pages4test/zNewTest/giulia_alberico/orig3.html, giulia_alberico/orig23
0, 0.21621622, 0.7619048, 0.19197531, 0.96913576, /home/valentina/workspace_nuovo/FeatureExtractor/pages4test/zNewTest/giulia_alberico/orig2.html, /home/valentina/workspace_nuovo/FeatureExtractor/pages4test/zNewTest/giulia_alberico/orig4.html, giulia_alberico/orig24
0.2, 0.23636363, 0.61904764, 0.4351852, 0.9259259, /home/valentina/workspace_nuovo/FeatureExtractor/pages4test/zNewTest/giulia_alberico/orig2.html, /home/valentina/workspace_nuovo/FeatureExtractor/pages4test/zNewTest/giulia_alberico/orig4.html, giulia_alberico/orig24
0.4, 0.8125, 0.61904764, 0.61538464, 0.89743584, /home/valentina/workspace_nuovo/FeatureExtractor/pages4test/zNewTest/giulia_alberico/orig2.html, /home/valentina/workspace_nuovo/FeatureExtractor/pages4test/zNewTest/giulia_alberico/orig4.html, giulia_alberico/orig24
0.6, 0.9583333, 0.54761904, 0.9, 0.56666666, /home/valentina/workspace_nuovo/FeatureExtractor/pages4test/zNewTest/giulia_alberico/orig2.html, /home/valentina/workspace_nuovo/FeatureExtractor/pages4test/zNewTest/giulia_alberico/orig4.html, giulia_alberico/orig24
0.8, 1.0, 0.54761904, 1.0, 0.5185185, /home/valentina/workspace_nuovo/FeatureExtractor/pages4test/zNewTest/giulia_alberico/orig2.html, /home/valentina/workspace_nuovo/FeatureExtractor/pages4test/zNewTest/giulia_alberico/orig4.html, giulia_alberico/orig24
1, 1.0, 0.54761904, 1.0, 0.5185185, /home/valentina/workspace_nuovo/FeatureExtractor/pages4test/zNewTest/giulia_alberico/orig2.html, /home/valentina/workspace_nuovo/FeatureExtractor/pages4test/zNewTest/giulia_alberico/orig4.html, giulia_alberico/orig24
0, 0.15675676, 0.725, 0.12809524, 0.9755102, /home/valentina/workspace_nuovo/FeatureExtractor/pages4test/zNewTest/giulia_alberico/orig2.html, /home/valentina/workspace_nuovo/FeatureExtractor/pages4test/zNewTest/giulia_alberico/orig5.html, giulia_alberico/orig25
0.2, 0.21551724, 0.625, 0.30151516, 0.9350649, /home/valentina/workspace_nuovo/FeatureExtractor/pages4test/zNewTest/giulia_alberico/orig2.html, /home/valentina/workspace_nuovo/FeatureExtractor/pages4test/zNewTest/giulia_alberico/orig5.html, giulia_alberico/orig25
0.4, 0.5609756, 0.575, 0.548718, 0.8681319, /home/valentina/workspace_nuovo/FeatureExtractor/pages4test/zNewTest/giulia_alberico/orig2.html, /home/valentina/workspace_nuovo/FeatureExtractor/pages4test/zNewTest/giulia_alberico/orig5.html, giulia_alberico/orig25
0.6, 0.8214286, 0.575, 0.79259264, 0.8095238, /home/valentina/workspace_nuovo/FeatureExtractor/pages4test/zNewTest/giulia_alberico/orig2.html, /home/valentina/workspace_nuovo/FeatureExtractor/pages4test/zNewTest/giulia_alberico/orig5.html, giulia_alberico/orig25
0.8, 0.84615386, 0.55, 0.8916667, 0.66071427, /home/valentina/workspace_nuovo/FeatureExtractor/pages4test/zNewTest/giulia_alberico/orig2.html, /home/valentina/workspace_nuovo/FeatureExtractor/pages4test/zNewTest/giulia_alberico/orig5.html, giulia_alberico/orig25
1, 0.84615386, 0.55, 0.8916667, 0.66071427, /home/valentina/workspace_nuovo/FeatureExtractor/pages4test/zNewTest/giulia_alberico/orig2.html, /home/valentina/workspace_nuovo/FeatureExtractor/pages4test/zNewTest/giulia_alberico/orig5.html, giulia_alberico/orig25
0, 0.375, 0.8181818, 0.35925925, 0.9444444, /home/valentina/workspace_nuovo/FeatureExtractor/pages4test/zNewTest/giulia_alberico/orig3.html, /home/valentina/workspace_nuovo/FeatureExtractor/pages4test/zNewTest/giulia_alberico/orig4.html, giulia_alberico/orig34
0.2, 0.4827586, 0.6363636, 0.6111111, 0.8703703, /home/valentina/workspace_nuovo/FeatureExtractor/pages4test/zNewTest/giulia_alberico/orig3.html, /home/valentina/workspace_nuovo/FeatureExtractor/pages4test/zNewTest/giulia_alberico/orig4.html, giulia_alberico/orig34
0.4, 0.93333334, 0.6363636, 0.9166667, 0.8055555, /home/valentina/workspace_nuovo/FeatureExtractor/pages4test/zNewTest/giulia_alberico/orig3.html, /home/valentina/workspace_nuovo/FeatureExtractor/pages4test/zNewTest/giulia_alberico/orig4.html, giulia_alberico/orig34
0.6, 1.0, 0.54545456, 1.0, 0.4722222, /home/valentina/workspace_nuovo/FeatureExtractor/pages4test/zNewTest/giulia_alberico/orig3.html, /home/valentina/workspace_nuovo/FeatureExtractor/pages4test/zNewTest/giulia_alberico/orig4.html, giulia_alberico/orig34
0.8, 1.0, 0.54545456, 1.0, 0.4722222, /home/valentina/workspace_nuovo/FeatureExtractor/pages4test/zNewTest/giulia_alberico/orig3.html, /home/valentina/workspace_nuovo/FeatureExtractor/pages4test/zNewTest/giulia_alberico/orig4.html, giulia_alberico/orig34
1, 1.0, 0.54545456, 1.0, 0.4722222, /home/valentina/workspace_nuovo/FeatureExtractor/pages4test/zNewTest/giulia_alberico/orig3.html, /home/valentina/workspace_nuovo/FeatureExtractor/pages4test/zNewTest/giulia_alberico/orig4.html, giulia_alberico/orig34
0, 0.3018868, 0.7619048, 0.30925927, 0.9603174, /home/valentina/workspace_nuovo/FeatureExtractor/pages4test/zNewTest/giulia_alberico/orig3.html, /home/valentina/workspace_nuovo/FeatureExtractor/pages4test/zNewTest/giulia_alberico/orig5.html, giulia_alberico/orig35
0.2, 0.42424244, 0.6666667, 0.45185184, 0.8862434, /home/valentina/workspace_nuovo/FeatureExtractor/pages4test/zNewTest/giulia_alberico/orig3.html, /home/valentina/workspace_nuovo/FeatureExtractor/pages4test/zNewTest/giulia_alberico/orig5.html, giulia_alberico/orig35
0.4, 0.8125, 0.61904764, 0.87222224, 0.7738095, /home/valentina/workspace_nuovo/FeatureExtractor/pages4test/zNewTest/giulia_alberico/orig3.html, /home/valentina/workspace_nuovo/FeatureExtractor/pages4test/zNewTest/giulia_alberico/orig5.html, giulia_alberico/orig35
0.6, 0.8125, 0.61904764, 0.87222224, 0.7738095, /home/valentina/workspace_nuovo/FeatureExtractor/pages4test/zNewTest/giulia_alberico/orig3.html, /home/valentina/workspace_nuovo/FeatureExtractor/pages4test/zNewTest/giulia_alberico/orig5.html, giulia_alberico/orig35
0.8, 0.8125, 0.61904764, 0.87222224, 0.7738095, /home/valentina/workspace_nuovo/FeatureExtractor/pages4test/zNewTest/giulia_alberico/orig3.html, /home/valentina/workspace_nuovo/FeatureExtractor/pages4test/zNewTest/giulia_alberico/orig5.html, giulia_alberico/orig35
1, 0.8125, 0.61904764, 0.87222224, 0.7738095, /home/valentina/workspace_nuovo/FeatureExtractor/pages4test/zNewTest/giulia_alberico/orig3.html, /home/valentina/workspace_nuovo/FeatureExtractor/pages4test/zNewTest/giulia_alberico/orig5.html, giulia_alberico/orig35
0, 0.30232558, 0.68421054, 0.49285713, 0.7407408, /home/valentina/workspace_nuovo/FeatureExtractor/pages4test/zNewTest/luca_bagnasco1/orig1.html, /home/valentina/workspace_nuovo/FeatureExtractor/pages4test/zNewTest/luca_bagnasco1/orig2.html, luca_bagnasco1/orig12
0.2, 0.37142858, 0.68421054, 0.59074074, 0.7407408, /home/valentina/workspace_nuovo/FeatureExtractor/pages4test/zNewTest/luca_bagnasco1/orig1.html, /home/valentina/workspace_nuovo/FeatureExtractor/pages4test/zNewTest/luca_bagnasco1/orig2.html, luca_bagnasco1/orig12
0.4, 0.5652174, 0.68421054, 0.74444443, 0.7407408, /home/valentina/workspace_nuovo/FeatureExtractor/pages4test/zNewTest/luca_bagnasco1/orig1.html, /home/valentina/workspace_nuovo/FeatureExtractor/pages4test/zNewTest/luca_bagnasco1/orig2.html, luca_bagnasco1/orig12
0.6, 0.7692308, 0.5263158, 0.8541667, 0.5833334, /home/valentina/workspace_nuovo/FeatureExtractor/pages4test/zNewTest/luca_bagnasco1/orig1.html, /home/valentina/workspace_nuovo/FeatureExtractor/pages4test/zNewTest/luca_bagnasco1/orig2.html, luca_bagnasco1/orig12
0.8, 0.75, 0.31578946, 0.9166667, 0.375, /home/valentina/workspace_nuovo/FeatureExtractor/pages4test/zNewTest/luca_bagnasco1/orig1.html, /home/valentina/workspace_nuovo/FeatureExtractor/pages4test/zNewTest/luca_bagnasco1/orig2.html, luca_bagnasco1/orig12
1, 1.0, 0.21052632, 1.0, 0.27083334, /home/valentina/workspace_nuovo/FeatureExtractor/pages4test/zNewTest/luca_bagnasco1/orig1.html, /home/valentina/workspace_nuovo/FeatureExtractor/pages4test/zNewTest/luca_bagnasco1/orig2.html, luca_bagnasco1/orig12
0, 0.037698414, 0.9047619, 0.05446775, 0.9755245, /home/valentina/workspace_nuovo/FeatureExtractor/pages4test/zNewTest/luca_bagnasco2/orig1.html, /home/valentina/workspace_nuovo/FeatureExtractor/pages4test/zNewTest/luca_bagnasco2/orig2.html, luca_bagnasco2/orig12
0.2, 0.12624584, 0.9047619, 0.18692279, 0.96022725, /home/valentina/workspace_nuovo/FeatureExtractor/pages4test/zNewTest/luca_bagnasco2/orig1.html, /home/valentina/workspace_nuovo/FeatureExtractor/pages4test/zNewTest/luca_bagnasco2/orig2.html, luca_bagnasco2/orig12
0.4, 0.31355932, 0.88095236, 0.5054945, 0.9230769, /home/valentina/workspace_nuovo/FeatureExtractor/pages4test/zNewTest/luca_bagnasco2/orig1.html, /home/valentina/workspace_nuovo/FeatureExtractor/pages4test/zNewTest/luca_bagnasco2/orig2.html, luca_bagnasco2/orig12
0.6, 0.6551724, 0.45238096, 0.8651163, 0.5, /home/valentina/workspace_nuovo/FeatureExtractor/pages4test/zNewTest/luca_bagnasco2/orig1.html, /home/valentina/workspace_nuovo/FeatureExtractor/pages4test/zNewTest/luca_bagnasco2/orig2.html, luca_bagnasco2/orig12
0.8, 1.0, 0.35714287, 1.0, 0.3625, /home/valentina/workspace_nuovo/FeatureExtractor/pages4test/zNewTest/luca_bagnasco2/orig1.html, /home/valentina/workspace_nuovo/FeatureExtractor/pages4test/zNewTest/luca_bagnasco2/orig2.html, luca_bagnasco2/orig12
1, 1.0, 0.21428572, 1.0, 0.2125, /home/valentina/workspace_nuovo/FeatureExtractor/pages4test/zNewTest/luca_bagnasco2/orig1.html, /home/valentina/workspace_nuovo/FeatureExtractor/pages4test/zNewTest/luca_bagnasco2/orig2.html, luca_bagnasco2/orig12
0, 0.115384616, 0.6, 0.16666667, 0.6666667, /home/valentina/workspace_nuovo/FeatureExtractor/pages4test/zNewTest/luca_bagnasco3/orig1.html, /home/valentina/workspace_nuovo/FeatureExtractor/pages4test/zNewTest/luca_bagnasco3/orig2.html, luca_bagnasco3/orig12
0.2, 0.11764706, 0.6, 0.25, 0.6666667, /home/valentina/workspace_nuovo/FeatureExtractor/pages4test/zNewTest/luca_bagnasco3/orig1.html, /home/valentina/workspace_nuovo/FeatureExtractor/pages4test/zNewTest/luca_bagnasco3/orig2.html, luca_bagnasco3/orig12
0.4, 0.19354838, 0.6, 0.3257143, 0.6, /home/valentina/workspace_nuovo/FeatureExtractor/pages4test/zNewTest/luca_bagnasco3/orig1.html, /home/valentina/workspace_nuovo/FeatureExtractor/pages4test/zNewTest/luca_bagnasco3/orig2.html, luca_bagnasco3/orig12
0.6, 0.33333334, 0.4, 0.57142854, 0.33333334, /home/valentina/workspace_nuovo/FeatureExtractor/pages4test/zNewTest/luca_bagnasco3/orig1.html, /home/valentina/workspace_nuovo/FeatureExtractor/pages4test/zNewTest/luca_bagnasco3/orig2.html, luca_bagnasco3/orig12
0.8, 0.6666667, 0.2, 0.75, 0.125, /home/valentina/workspace_nuovo/FeatureExtractor/pages4test/zNewTest/luca_bagnasco3/orig1.html, /home/valentina/workspace_nuovo/FeatureExtractor/pages4test/zNewTest/luca_bagnasco3/orig2.html, luca_bagnasco3/orig12
1, 1.0, 0.2, 1.0, 0.125, /home/valentina/workspace_nuovo/FeatureExtractor/pages4test/zNewTest/luca_bagnasco3/orig1.html, /home/valentina/workspace_nuovo/FeatureExtractor/pages4test/zNewTest/luca_bagnasco3/orig2.html, luca_bagnasco3/orig12
0, 0.09090909, 0.26595744, 0.05, 0.9674242, /home/valentina/workspace_nuovo/FeatureExtractor/pages4test/zNewTest/luca_bagnasco4/orig1.html, /home/valentina/workspace_nuovo/FeatureExtractor/pages4test/zNewTest/luca_bagnasco4/orig2.html, luca_bagnasco4/orig12
0.2, 0.17301038, 0.26595744, 0.084745765, 0.94478685, /home/valentina/workspace_nuovo/FeatureExtractor/pages4test/zNewTest/luca_bagnasco4/orig1.html, /home/valentina/workspace_nuovo/FeatureExtractor/pages4test/zNewTest/luca_bagnasco4/orig2.html, luca_bagnasco4/orig12
0.4, 0.33333334, 0.26595744, 0.20833333, 0.86426765, /home/valentina/workspace_nuovo/FeatureExtractor/pages4test/zNewTest/luca_bagnasco4/orig1.html, /home/valentina/workspace_nuovo/FeatureExtractor/pages4test/zNewTest/luca_bagnasco4/orig2.html, luca_bagnasco4/orig12
0.6, 0.7017544, 0.21276596, 0.5, 0.5909091, /home/valentina/workspace_nuovo/FeatureExtractor/pages4test/zNewTest/luca_bagnasco4/orig1.html, /home/valentina/workspace_nuovo/FeatureExtractor/pages4test/zNewTest/luca_bagnasco4/orig2.html, luca_bagnasco4/orig12
0.8, 0.9230769, 0.19148937, 0.8333333, 0.30303028, /home/valentina/workspace_nuovo/FeatureExtractor/pages4test/zNewTest/luca_bagnasco4/orig1.html, /home/valentina/workspace_nuovo/FeatureExtractor/pages4test/zNewTest/luca_bagnasco4/orig2.html, luca_bagnasco4/orig12
1, 0.9230769, 0.19148937, 0.8333333, 0.30303028, /home/valentina/workspace_nuovo/FeatureExtractor/pages4test/zNewTest/luca_bagnasco4/orig1.html, /home/valentina/workspace_nuovo/FeatureExtractor/pages4test/zNewTest/luca_bagnasco4/orig2.html, luca_bagnasco4/orig12
0, 0.083333336, 0.8888889, 0.18148148, 0.9166667, /home/valentina/workspace_nuovo/FeatureExtractor/pages4test/zNewTest/pietro_amura/orig1.html, /home/valentina/workspace_nuovo/FeatureExtractor/pages4test/zNewTest/pietro_amura/orig2.html, pietro_amura/orig12
0.2, 0.14545454, 0.8888889, 0.3265873, 0.9, /home/valentina/workspace_nuovo/FeatureExtractor/pages4test/zNewTest/pietro_amura/orig1.html, /home/valentina/workspace_nuovo/FeatureExtractor/pages4test/zNewTest/pietro_amura/orig2.html, pietro_amura/orig12
0.4, 0.25, 0.6666667, 0.38, 0.7, /home/valentina/workspace_nuovo/FeatureExtractor/pages4test/zNewTest/pietro_amura/orig1.html, /home/valentina/workspace_nuovo/FeatureExtractor/pages4test/zNewTest/pietro_amura/orig2.html, pietro_amura/orig12
0.6, 0.6666667, 0.6666667, 0.7619048, 0.5714286, /home/valentina/workspace_nuovo/FeatureExtractor/pages4test/zNewTest/pietro_amura/orig1.html, /home/valentina/workspace_nuovo/FeatureExtractor/pages4test/zNewTest/pietro_amura/orig2.html, pietro_amura/orig12
0.8, 0.8333333, 0.5555556, 0.85714287, 0.42857143, /home/valentina/workspace_nuovo/FeatureExtractor/pages4test/zNewTest/pietro_amura/orig1.html, /home/valentina/workspace_nuovo/FeatureExtractor/pages4test/zNewTest/pietro_amura/orig2.html, pietro_amura/orig12
1, 0.6666667, 0.22222222, 0.85714287, 0.14285715, /home/valentina/workspace_nuovo/FeatureExtractor/pages4test/zNewTest/pietro_amura/orig1.html, /home/valentina/workspace_nuovo/FeatureExtractor/pages4test/zNewTest/pietro_amura/orig2.html, pietro_amura/orig12
